loja;tipo;Shopping;software;data_assinado;data_entregue;data_primeiro_pedido;Irregular;pedidos_m0;pedidos_m1;pedidos_m2
Loja - 01;Lanches;Não;ANOTA;09/07/2024;19/08/2024;03/10/2024;;2;0;0
Loja - 02;Hamburgueria / Hot Dog;Não;ANOTA;09/07/2024;18/07/2024;14/08/2024;;101;251;187
Loja - 03;Hamburgueria / Hot Dog;Não;ANOTA;09/07/2024;18/07/2024;28/08/2024;;16;71;113
Loja - 04;Hamburgueria / Hot Dog;Não;ANOTA;10/07/2024;23/08/2024;20/09/2024;;10;18;19
Loja - 05;Hamburgueria / Hot Dog;Não;ANOTA;12/07/2024;27/07/2024;29/08/2024;;20;112;85
Loja - 06;Hamburgueria / Hot Dog;Não;ANOTA;12/07/2024;27/07/2024;06/09/2024;;25;21;51
Loja - 07;Hamburgueria / Hot Dog;Não;ANOTA;12/07/2024;27/07/2024;29/07/2024;;2;24;3
Loja - 08;Hamburgueria / Hot Dog;Não;ANOTA;12/07/2024;27/07/2024;09/08/2024;;10;0;2
Loja - 09;Hamburgueria / Hot Dog;Não;ANOTA;12/07/2024;23/07/2024;25/07/2024;;8;34;36
Loja - 10;Hamburgueria / Hot Dog;Não;ANOTA;17/07/2024;21/08/2024;28/08/2024;;7;24;0
Loja - 11;Japonesa;Não;ANOTA;17/07/2024;21/08/2024;28/08/2024;;7;24;0
Loja - 12;Japonesa;Não;ANOTA;17/07/2024;30/07/2024;01/08/2024;;23;18;43
Loja - 13;Japonesa;Não;ANOTA;17/07/2024;29/07/2024;30/07/2024;;4;26;44
Loja - 14;Pizzaria;Não;ANOTA;17/07/2024;28/06/2024;28/06/2024;;8;321;137
Loja - 15;Hamburgueria / Hot Dog;Não;VS;19/07/2024;30/07/2024;30/07/2024;;3;146;201
Loja - 16;Hamburgueria / Hot Dog;Não;VS;19/07/2024;29/07/2024;30/07/2024;;3;274;901
Loja - 17;Hamburgueria / Hot Dog;Não;VS;19/07/2024;29/07/2024;29/07/2024;;1;22;269
Loja - 18;Hamburgueria / Hot Dog;Não;ANOTA;19/07/2024;27/06/2024;28/06/2024;;1;120;209
Loja - 19;Salgados;Não;VS;23/07/2024;09/08/2024;23/08/2024;;6;11;16
Loja - 20;Hamburgueria / Hot Dog;Não;ANOTA;24/07/2024;13/08/2024;21/08/2024;;16;119;101
Loja - 21;Doces;Não;ANOTA;24/07/2024;09/08/2024;23/08/2024;;4;0;0
Loja - 22;Esfiha;Não;ANOTA;24/07/2024;08/08/2024;13/08/2024;;14;19;15
Loja - 23;Hamburgueria / Hot Dog;Não;ANOTA;25/07/2024;07/08/2024;18/09/2024;;26;36;42
Loja - 24;Hamburgueria / Hot Dog;Não;VS;26/07/2024;09/08/2024;06/09/2024;;1;0;0
Loja - 25;Outros;Não;ANOTA;29/07/2024;26/08/2024;30/08/2024;;1;130;191
Loja - 26;Carnes;Não;ANOTA;29/07/2024;09/08/2024;10/01/2025;;139;1;0
Loja - 27;Pizzaria;Não;VS;29/07/2024;09/08/2024;28/08/2024;;1;39;27
Loja - 28;Pizzaria;Não;VS;29/07/2024;08/08/2024;06/09/2024;;23;0;0
Loja - 29;Hamburgueria / Hot Dog;Não;ANOTA;30/07/2024;14/08/2024;10/10/2024;;103;108;99
Loja - 30;Hamburgueria / Hot Dog;Não;ANOTA;30/07/2024;08/08/2024;10/01/2025;;72;17;0
Loja - 31;Lanches;Não;ANOTA;31/07/2024;05/09/2024;30/09/2024;;11;6;0
Loja - 32;Frango;Não;ANOTA;31/07/2024;26/08/2024;05/09/2024;;311;381;0
Loja - 33;Pizzaria;Não;ANOTA;31/07/2024;21/08/2024;30/08/2024;;13;224;234
Loja - 34;Hamburgueria / Hot Dog;Não;ANOTA;31/07/2024;15/08/2024;16/08/2024;;71;74;85
Loja - 35;Hamburgueria / Hot Dog;Não;ANOTA;01/08/2024;26/09/2024;05/11/2024;;158;147;148
Loja - 36;Açaí;Não;ANOTA;01/08/2024;21/08/2024;27/08/2024;;13;40;19
Loja - 37;Desconhecido;Não;ANOTA;01/08/2024;20/08/2024;19/09/2024;;2;0;0
Loja - 38;Hamburgueria / Hot Dog;Não;VS;02/08/2024;09/01/2025;09/01/2025;Data Entregue Inválida;603;65;0
Loja - 39;Hamburgueria / Hot Dog;Não;VS;02/08/2024;20/08/2024;10/09/2024;;5;57;86
Loja - 40;Hamburgueria / Hot Dog;Não;VS;02/08/2024;19/08/2024;23/08/2024;;34;82;74
Loja - 41;Pizzaria;Não;ANOTA;02/08/2024;15/08/2024;24/08/2024;;6;27;27
Loja - 42;Desconhecido;Sim;ANOTA;02/08/2024;31/07/2024;02/08/2024;;123;132;115
Loja - 43;Pizzaria;Não;ANOTA;06/08/2024;28/08/2024;11/10/2024;;2;12;5
Loja - 44;Japonesa;Não;VS;06/08/2024;19/08/2024;02/09/2024;;9;5;3
Loja - 45;Pizzaria;Não;ANOTA;06/08/2024;16/08/2024;02/09/2024;;7;5;8
Loja - 46;Lanches;Não;VS;07/08/2024;20/08/2024;30/08/2024;;7;205;184
Loja - 47;Carnes;Não;ANOTA;07/08/2024;16/08/2024;08/01/2025;;4;0;2
Loja - 48;Desconhecido;Não;ANOTA;08/08/2024;27/08/2024;06/09/2024;;126;146;157
Loja - 49;Desconhecido;Não;ANOTA;08/08/2024;21/08/2024;24/08/2024;;1;0;62
Loja - 50;Desconhecido;Não;ANOTA;12/08/2024;03/09/2024;05/09/2024;;155;227;231
Loja - 51;Desconhecido;Não;ANOTA;12/08/2024;30/08/2024;13/09/2024;;203;439;517
Loja - 52;Hamburgueria / Hot Dog;Não;ANOTA;12/08/2024;27/08/2024;03/09/2024;;16;526;739
Loja - 53;Desconhecido;Não;VS;12/08/2024;23/08/2024;02/09/2024;;4;0;0
Loja - 54;Pizzaria;Não;ANOTA;13/08/2024;29/08/2024;25/10/2024;;3;4;7
Loja - 55;Japonesa;Não;ANOTA;13/08/2024;28/08/2024;06/09/2024;;70;0;0
Loja - 56;Hamburgueria / Hot Dog;Não;ANOTA;14/08/2024;30/08/2024;20/09/2024;;61;157;164
Loja - 57;Hamburgueria / Hot Dog;Não;VS;14/08/2024;28/08/2024;29/10/2024;;4;52;56
Loja - 58;Açaí;Não;ANOTA;15/08/2024;30/08/2024;04/09/2024;;36;9;2
Loja - 59;Tradicional;Não;ANOTA;16/08/2024;09/09/2024;02/10/2024;;46;35;12
Loja - 60;Desconhecido;Não;VS;16/08/2024;29/08/2024;24/09/2024;;4;12;30
Loja - 61;Pastel;Não;VS;17/08/2024;28/08/2024;24/09/2024;;3;167;497
Loja - 62;Pizzaria;Não;ANOTA;19/08/2024;28/08/2024;13/09/2024;;9;27;45
Loja - 63;Carnes;Não;VS;21/08/2024;11/09/2024;18/10/2024;;47;84;90
Loja - 64;Pastel;Não;ANOTA;21/08/2024;29/08/2024;16/09/2024;;195;363;319
Loja - 65;Hamburgueria / Hot Dog;Não;ANOTA;22/08/2024;10/09/2024;11/09/2024;;148;236;126
Loja - 66;Tradicional;Não;ANOTA;22/08/2024;06/09/2024;08/10/2024;;151;81;3
Loja - 67;Hamburgueria / Hot Dog;Não;ANOTA;23/08/2024;26/09/2024;02/10/2024;;20;9;13
Loja - 68;Açaí;Não;VS;23/08/2024;23/09/2024;23/12/2024;;1;11;2
Loja - 69;Café;Não;ANOTA;23/08/2024;10/09/2024;02/10/2024;;10;5;0
Loja - 70;Lanches;Não;ANOTA;23/08/2024;03/09/2024;06/09/2024;;41;57;25
Loja - 71;Desconhecido;Não;VS;26/08/2024;18/09/2024;08/10/2024;;127;298;308
Loja - 72;Pizzaria;Não;VS;26/08/2024;16/09/2024;21/10/2024;;24;54;451
Loja - 73;Desconhecido;Não;ANOTA;26/08/2024;06/09/2024;19/09/2024;;7;130;169
Loja - 74;Hamburgueria / Hot Dog;Não;ANOTA;26/08/2024;03/09/2024;05/09/2024;;132;115;39
Loja - 75;Pizzaria;Não;VS;26/08/2024;18/08/2024;21/10/2024;;517;989;1460
Loja - 76;Pizzaria;Não;VS;27/08/2024;23/09/2024;21/10/2024;;16;184;471
Loja - 77;Carnes;Não;ANOTA;28/08/2024;01/10/2024;01/10/2024;Data Entregue Inválida;90;142;0
Loja - 78;Hamburgueria / Hot Dog;Não;ANOTA;28/08/2024;06/09/2024;27/09/2024;;2;28;42
Loja - 79;Pizzaria;Não;ANOTA;28/08/2024;06/09/2024;11/09/2024;;25;46;48
Loja - 80;Lanches;Não;ANOTA;28/08/2024;04/09/2024;11/09/2024;;4;75;178
Loja - 81;Pizzaria;Não;VS;02/09/2024;18/08/2024;08/10/2024;;3;7;0
Loja - 82;Hamburgueria / Hot Dog;Não;VS;03/09/2024;24/09/2024;19/12/2024;;2;0;0
Loja - 83;Lanches;Não;VS;03/09/2024;17/09/2024;07/10/2024;;248;987;557
Loja - 84;Hamburgueria / Hot Dog;Não;VS;06/09/2024;19/09/2024;01/10/2024;;3;0;0
Loja - 85;Hamburgueria / Hot Dog;Não;ANOTA;06/09/2024;16/09/2024;18/09/2024;;144;352;411
Loja - 86;Açaí;Não;VS;09/09/2024;01/10/2024;30/10/2024;;3;67;79
Loja - 87;Açaí;Não;VS;09/09/2024;01/10/2024;14/11/2024;;4;18;26
Loja - 88;Açaí;Não;VS;09/09/2024;01/10/2024;07/11/2024;;4;7;30
Loja - 89;Pizzaria;Não;VS;09/09/2024;23/09/2024;07/10/2024;;3;5;15
Loja - 90;Pizzaria;Não;ANOTA;10/09/2024;01/10/2024;31/10/2024;;1;5;2
Loja - 91;Pastel;Não;VS;10/09/2024;26/09/2024;29/10/2024;;12;147;194
Loja - 92;Desconhecido;Não;VS;10/09/2024;24/09/2024;24/09/2024;;6;204;195
Loja - 93;Desconhecido;Não;ANOTA;11/09/2024;25/09/2024;17/01/2025;;7;2;0
Loja - 94;Doces;Não;ANOTA;12/09/2024;02/10/2024;15/10/2024;;34;88;0
Loja - 95;Desconhecido;Não;VS;12/09/2024;20/09/2024;28/10/2024;;35;284;317
Loja - 96;Desconhecido;Não;VS;12/09/2024;20/09/2024;14/10/2024;;27;104;137
Loja - 97;Desconhecido;Não;VS;13/09/2024;20/09/2024;18/10/2024;;50;453;434
Loja - 98;Hamburgueria / Hot Dog;Não;ANOTA;16/09/2024;01/10/2024;04/10/2024;;3;20;1
Loja - 99;Carnes;Não;ANOTA;16/09/2024;25/09/2024;01/10/2024;;133;86;141
Loja - 100;Hamburgueria / Hot Dog;Não;ANOTA;16/09/2024;24/09/2024;12/12/2024;;4;62;8
Loja - 101;Hamburgueria / Hot Dog;Não;ANOTA;17/09/2024;07/10/2024;25/10/2024;;17;85;83
Loja - 102;Hamburgueria / Hot Dog;Não;ANOTA;17/09/2024;01/10/2024;07/10/2024;;96;44;107
Loja - 103;Hamburgueria / Hot Dog;Não;ANOTA;17/09/2024;30/09/2024;11/11/2024;;1;0;0
Loja - 104;Doces;Não;VS;17/09/2024;27/09/2024;07/10/2024;;241;429;517
Loja - 105;Salgados;Não;VS;17/09/2024;24/09/2024;08/10/2024;;9;2;2
Loja - 106;Hamburgueria / Hot Dog;Não;ANOTA;17/09/2024;17/09/2024;28/09/2024;;5;27;21
Loja - 107;Hamburgueria / Hot Dog;Não;VS;18/09/2024;27/09/2024;18/10/2024;;5;11;40
Loja - 108;Pizzaria;Não;VS;18/09/2024;20/09/2024;11/01/2025;;17;1;0
Loja - 109;Açaí;Não;ANOTA;19/09/2024;04/10/2024;15/10/2024;;12;9;40
Loja - 110;Açaí;Não;ANOTA;19/09/2024;02/10/2024;17/10/2024;;3;0;0
Loja - 111;Hamburgueria / Hot Dog;Não;VS;19/09/2024;01/10/2024;09/10/2024;;10;16;0
Loja - 112;Pizzaria;Não;-;19/09/2024;01/10/2024;17/01/2025;;10;2;0
Loja - 113;Japonesa;Não;VS;19/09/2024;27/09/2024;15/10/2024;;2;5;4
Loja - 114;Hamburgueria / Hot Dog;Não;ANOTA;23/09/2024;11/10/2024;11/10/2024;;10;12;14
Loja - 115;Pizzaria;Não;ANOTA;23/09/2024;08/10/2024;24/10/2024;;3;0;0
Loja - 116;Padaria;Não;ANOTA;24/09/2024;24/09/2024;24/09/2024;Assinar Contrato;1;0;0
Loja - 117;Hamburgueria / Hot Dog;Não;ANOTA;24/09/2024;15/10/2024;26/11/2024;;397;2838;2659
Loja - 118;Doces;Não;ANOTA;24/09/2024;14/10/2024;04/11/2024;;5;0;0
Loja - 119;Pizzaria;Não;ANOTA;24/09/2024;07/10/2024;13/11/2024;;1;0;0
Loja - 120;Pizzaria;Não;VS;25/09/2024;19/11/2024;27/11/2024;;1;1;0
Loja - 121;Frango;Não;VS;25/09/2024;08/10/2024;01/11/2024;;4;1;2
Loja - 122;Pastel;Não;ANOTA;26/09/2024;03/10/2024;31/10/2024;;1;1;0
Loja - 123;Pizzaria;Não;ANOTA;27/09/2024;25/10/2024;19/12/2024;;37;0;0
Loja - 124;Desconhecido;Não;VS;30/09/2024;15/10/2024;18/10/2024;;7;15;331
Loja - 125;Hamburgueria / Hot Dog;Não;ANOTA;30/09/2024;09/10/2024;25/10/2024;;95;37;44
Loja - 126;Pizzaria;Não;ANOTA;01/10/2024;14/11/2024;14/11/2024;Data Entregue Inválida;328;510;281
Loja - 127;Hamburgueria / Hot Dog;Não;ANOTA;01/10/2024;09/12/2024;09/01/2025;;273;54;0
Loja - 128;Açaí;Não;ANOTA;01/10/2024;25/11/2024;10/12/2024;;34;69;3
Loja - 129;Carnes;Não;ANOTA;01/10/2024;01/11/2024;23/01/2025;;6;0;0
Loja - 130;Hamburgueria / Hot Dog;Não;VS;01/10/2024;01/11/2024;04/11/2024;;5;0;0
Loja - 131;Hamburgueria / Hot Dog;Não;ANOTA;01/10/2024;31/10/2024;06/11/2024;;69;80;55
Loja - 132;Hamburgueria / Hot Dog;Não;VS;01/10/2024;30/10/2024;11/11/2024;;6;488;275
Loja - 133;Carnes;Não;ANOTA;01/10/2024;24/10/2024;05/11/2024;;14;19;18
Loja - 134;Esfiha;Não;ANOTA;01/10/2024;24/10/2024;30/10/2024;;2;795;961
Loja - 135;Hamburgueria / Hot Dog;Não;ANOTA;01/10/2024;24/10/2024;05/11/2024;;637;677;604
Loja - 136;Hamburgueria / Hot Dog;Não;VS;01/10/2024;24/10/2024;28/11/2024;;1;0;0
Loja - 137;Padaria;Não;ANOTA;01/10/2024;24/10/2024;30/10/2024;;7;5;12
Loja - 138;Desconhecido;Não;ANOTA;01/10/2024;23/10/2024;21/11/2024;;3;78;35
Loja - 139;Hamburgueria / Hot Dog;Não;ANOTA;01/10/2024;23/10/2024;01/11/2024;;38;33;29
Loja - 140;Desconhecido;Não;ANOTA;01/10/2024;22/10/2024;27/01/2025;;6;0;0
Loja - 141;Hamburgueria / Hot Dog;Não;ANOTA;01/10/2024;22/10/2024;30/10/2024;;19;436;438
Loja - 142;Hamburgueria / Hot Dog;Não;ANOTA;01/10/2024;22/10/2024;25/10/2024;;2;44;56
Loja - 143;Pizzaria;Não;ANOTA;01/10/2024;22/10/2024;30/10/2024;;1;12;21
Loja - 144;Feijoada;Não;ANOTA;01/10/2024;21/10/2024;20/12/2024;;18;374;0
Loja - 145;Frango;Não;ANOTA;01/10/2024;21/10/2024;29/10/2024;;11;121;138
Loja - 146;Pizzaria;Não;ANOTA;01/10/2024;17/10/2024;01/11/2024;;43;68;52
Loja - 147;Hamburgueria / Hot Dog;Não;ANOTA;01/10/2024;10/10/2024;16/10/2024;;40;91;108
Loja - 148;Hamburgueria / Hot Dog;Não;ANOTA;01/10/2024;10/10/2024;08/01/2025;;171;22;0
Loja - 149;Hamburgueria / Hot Dog;Não;VS;01/10/2024;09/10/2024;21/10/2024;;7;1;0
Loja - 150;Hamburgueria / Hot Dog;Não;ANOTA;01/10/2024;04/10/2024;10/10/2024;;85;185;134
Loja - 151;Tradicional;Não;ANOTA;04/10/2024;01/11/2024;16/12/2024;;1;71;9
Loja - 152;Saudável;Não;ANOTA;08/10/2024;06/11/2024;07/11/2024;;3;1;5
Loja - 153;Estrogonoffe;Não;VS;08/10/2024;30/10/2024;06/01/2025;;10;0;0
Loja - 154;Açaí;Não;ANOTA;08/10/2024;28/10/2024;30/10/2024;;27;516;291
Loja - 155;Lanches;Não;VS;08/10/2024;28/10/2024;14/11/2024;;52;98;150
Loja - 156;Salgados;Não;ANOTA;08/10/2024;23/10/2024;30/10/2024;;1;45;112
Loja - 157;Pizzaria;Não;ANOTA;10/10/2024;06/11/2024;18/12/2024;;6;1;4
Loja - 158;Tradicional;Não;VS;10/10/2024;25/10/2024;11/11/2024;;1;0;0
Loja - 159;Frango;Não;ANOTA;11/10/2024;14/11/2024;18/11/2024;;28;103;47
Loja - 160;Feijoada;Não;ANOTA;11/10/2024;07/11/2024;22/01/2025;;56;0;0
Loja - 161;Açaí;Não;ANOTA;14/10/2024;06/11/2024;18/12/2024;;6;1;4
Loja - 162;Japonesa;Não;ANOTA;14/10/2024;06/11/2024;09/01/2025;;13;0;0
Loja - 163;Desconhecido;Não;ANOTA;14/10/2024;04/11/2024;06/12/2024;;13;11;1
Loja - 164;Pizzaria;Não;ANOTA;16/10/2024;20/12/2024;13/12/2024;;116;215;22
Loja - 165;Hamburgueria / Hot Dog;Não;ANOTA;16/10/2024;12/11/2024;18/11/2024;;20;8;0
Loja - 166;Frango;Não;ANOTA;16/10/2024;11/11/2024;03/01/2025;;443;36;0
Loja - 167;Frango;Não;ANOTA;16/10/2024;11/11/2024;09/01/2025;;282;37;0
Loja - 168;Pizzaria;Não;ANOTA;16/10/2024;11/11/2024;21/11/2024;;2;0;0
Loja - 169;Hamburgueria / Hot Dog;Não;ANOTA;16/10/2024;05/11/2024;11/11/2024;;397;1181;492
Loja - 170;Saudável;Não;ANOTA;16/10/2024;05/11/2024;08/01/2025;;9;0;0
Loja - 171;Hamburgueria / Hot Dog;Não;VS;16/10/2024;30/10/2024;12/11/2024;;92;13;273
Loja - 172;Carnes;Não;VS;16/10/2024;29/10/2024;19/12/2024;;3;0;0
Loja - 173;Pizzaria;Não;ANOTA;17/10/2024;09/12/2024;11/12/2024;;62;170;21
Loja - 174;Hamburgueria / Hot Dog;Não;VS;17/10/2024;21/11/2024;18/12/2024;;76;165;12
Loja - 175;Lanches;Não;VS;17/10/2024;14/11/2024;04/12/2024;;277;330;56
Loja - 176;Pizzaria;Não;ANOTA;17/10/2024;11/11/2024;19/11/2024;;38;38;20
Loja - 177;Hamburgueria / Hot Dog;Não;VS;17/10/2024;08/11/2024;11/11/2024;;88;36;0
Loja - 178;Estrogonoffe;Não;VS;17/10/2024;07/11/2024;06/01/2025;;119;77;0
Loja - 179;Hamburgueria / Hot Dog;Não;ANOTA;17/10/2024;07/11/2024;08/11/2024;;573;248;102
Loja - 180;Pizzaria;Não;VS;17/10/2024;06/11/2024;19/11/2024;;6;8;4
Loja - 181;Hamburgueria / Hot Dog;Não;VS;19/10/2024;07/11/2024;19/11/2024;;70;176;156
Loja - 182;Hamburgueria / Hot Dog;Não;VS;20/10/2024;10/10/2024;17/10/2024;;25;28;158
Loja - 183;Esfiha;Não;ANOTA;22/10/2024;22/11/2024;27/11/2024;;7;62;53
Loja - 184;Esfiha;Não;ANOTA;22/10/2024;22/11/2024;29/11/2024;;1;21;28
Loja - 185;Desconhecido;Não;ANOTA;22/10/2024;19/11/2024;18/12/2024;;3;2;0
Loja - 186;Esfiha;Não;ANOTA;22/10/2024;19/11/2024;23/11/2024;;5;18;40
Loja - 187;Pizzaria;Não;VS;22/10/2024;19/11/2024;06/12/2024;;27;54;0
Loja - 188;Carnes;Não;ANOTA;22/10/2024;18/11/2024;25/11/2024;;6;0;0
Loja - 189;Massas;Não;VS;22/10/2024;18/11/2024;19/12/2024;;8;413;33
Loja - 190;Esfiha;Não;ANOTA;22/10/2024;16/11/2024;19/11/2024;;33;78;50
Loja - 191;Açaí;Não;ANOTA;22/10/2024;08/11/2024;14/11/2024;;451;820;853
Loja - 192;Sushi;Não;ANOTA;22/10/2024;06/11/2024;15/11/2024;;24;31;36
Loja - 193;Pizzaria;Não;ANOTA;22/10/2024;01/11/2024;12/11/2024;;8;13;7
Loja - 194;Hamburgueria / Hot Dog;Não;ANOTA;23/10/2024;11/11/2024;27/12/2024;;14;37;3
Loja - 195;Hamburgueria / Hot Dog;Não;ANOTA;23/10/2024;06/11/2024;18/11/2024;;1;0;10
Loja - 196;Hamburgueria / Hot Dog;Não;ANOTA;24/10/2024;19/11/2024;06/12/2024;;1;39;0
Loja - 197;Carnes;Não;VS;24/10/2024;11/11/2024;12/12/2024;;3;15;0
Loja - 198;Japonesa;Não;VS;24/10/2024;08/11/2024;03/12/2024;;40;31;1
Loja - 199;Hamburgueria / Hot Dog;Não;ANOTA;24/10/2024;07/11/2024;18/11/2024;;24;49;56
Loja - 200;Pizzaria;Não;ANOTA;24/10/2024;07/11/2024;27/11/2024;;12;34;14
Loja - 201;Carnes;Não;ANOTA;25/10/2024;25/10/2024;25/10/2024;Assinar Contrato;2;44;56
Loja - 202;Pastel;Não;VS;25/10/2024;30/12/2024;16/01/2025;;213;32;0
Loja - 203;Pastel;Não;VS;25/10/2024;13/12/2024;20/12/2024;;20;43;4
Loja - 204;Carnes;Não;ANOTA;25/10/2024;10/12/2024;17/12/2024;;164;697;99
Loja - 205;Desconhecido;Não;VS;25/10/2024;29/11/2024;17/01/2025;;79;18;0
Loja - 206;Hamburgueria / Hot Dog;Não;ANOTA;25/10/2024;29/11/2024;06/01/2025;;40;3;0
Loja - 207;Hamburgueria / Hot Dog;Não;ANOTA;25/10/2024;22/11/2024;03/01/2025;;30;4;0
Loja - 208;Açaí;Não;ANOTA;25/10/2024;18/11/2024;26/11/2024;;36;193;107
Loja - 209;Desconhecido;Não;ANOTA;25/10/2024;14/11/2024;06/12/2024;;12;13;0
Loja - 210;Japonesa;Não;ANOTA;27/10/2024;27/11/2024;05/12/2024;;244;309;21
Loja - 211;Desconhecido;Não;ANOTA;28/10/2024;27/11/2024;28/11/2024;;89;298;225
Loja - 212;Lanches;Não;ANOTA;28/10/2024;27/11/2024;02/12/2024;;345;171;19
Loja - 213;Pastel;Não;ANOTA;28/10/2024;26/11/2024;05/12/2024;;118;82;5
Loja - 214;Pizzaria;Não;VS;28/10/2024;25/11/2024;10/12/2024;;12;24;1
Loja - 215;Japonesa;Não;VS;28/10/2024;22/11/2024;04/12/2024;;2;0;0
Loja - 216;Lanches;Não;ANOTA;28/10/2024;21/11/2024;26/12/2024;;6;0;0
Loja - 217;Desconhecido;Não;ANOTA;28/10/2024;19/11/2024;20/12/2024;;3;2;0
Loja - 218;Lanches;Não;ANOTA;29/10/2024;13/12/2024;23/01/2025;;11;9;0
Loja - 219;Pastel;Não;ANOTA;29/10/2024;07/12/2024;17/01/2025;;9;0;0
Loja - 220;Hamburgueria / Hot Dog;Não;ANOTA;29/10/2024;05/12/2024;29/01/2025;;6;0;0
Loja - 221;Carnes;Não;ANOTA;29/10/2024;04/12/2024;28/01/2025;;7;0;0
Loja - 222;Pizzaria;Não;ANOTA;29/10/2024;02/12/2024;05/12/2024;;53;60;5
Loja - 223;Desconhecido;Sim;ANOTA;29/10/2024;28/11/2024;09/12/2024;;614;697;61
Loja - 224;Pizzaria;Não;ANOTA;29/10/2024;28/11/2024;06/12/2024;;11;5;0
Loja - 225;Desconhecido;Sim;ANOTA;29/10/2024;27/11/2024;05/12/2024;;589;527;48
Loja - 226;Açaí;Não;ANOTA;29/10/2024;27/11/2024;09/01/2025;;2;0;0
Loja - 227;Árabe;Não;ANOTA;29/10/2024;26/11/2024;24/01/2025;;185;86;0
Loja - 228;Massas;Não;ANOTA;29/10/2024;26/11/2024;27/11/2024;;19;94;19
Loja - 229;Doces;Não;ANOTA;29/10/2024;25/11/2024;16/12/2024;;5;21;9
Loja - 230;Esfiha;Não;ANOTA;29/10/2024;25/11/2024;27/11/2024;;15;135;126
Loja - 231;Hamburgueria / Hot Dog;Não;ANOTA;29/10/2024;22/11/2024;03/12/2024;;52;0;0
Loja - 232;Hamburgueria / Hot Dog;Não;ANOTA;29/10/2024;21/11/2024;25/11/2024;;28;114;69
Loja - 233;Hamburgueria / Hot Dog;Não;ANOTA;30/10/2024;30/10/2024;30/10/2024;Assinar Contrato;7;5;12
Loja - 234;Hamburgueria / Hot Dog;Não;VS;30/10/2024;11/12/2024;21/01/2025;;6;0;0
Loja - 235;Desconhecido;Sim;ANOTA;30/10/2024;10/12/2024;02/01/2025;;27;8;0
Loja - 236;Tradicional;Não;ANOTA;30/10/2024;06/12/2024;07/12/2024;;127;202;32
Loja - 237;Pizzaria;Sim;VS;30/10/2024;29/11/2024;30/01/2025;;7;0;0
Loja - 238;Hamburgueria / Hot Dog;Não;VS;30/10/2024;29/11/2024;15/01/2025;;2;0;0
Loja - 239;Hamburgueria / Hot Dog;Não;VS;30/10/2024;29/11/2024;13/12/2024;;2;0;0
Loja - 240;Pizzaria;Não;VS;30/10/2024;29/11/2024;29/01/2025;;6;0;0
Loja - 241;Pizzaria;Não;ANOTA;30/10/2024;27/11/2024;07/01/2025;;17;1;0
Loja - 242;Pizzaria;Não;VS;30/10/2024;26/11/2024;30/01/2025;;8;0;0
Loja - 243;Pastel;Não;ANOTA;30/10/2024;25/11/2024;18/12/2024;;50;182;25
Loja - 244;Desconhecido;Não;ANOTA;30/10/2024;11/11/2024;29/11/2024;;1;170;1113
Loja - 245;Pastel;Não;VS;31/10/2024;23/01/2025;27/01/2025;;4;0;0
Loja - 246;Tradicional;Não;ANOTA;31/10/2024;26/12/2024;22/01/2025;;32;5;0
Loja - 247;Tradicional;Não;ANOTA;31/10/2024;20/12/2024;24/01/2025;;32;6;0
Loja - 248;Pizzaria;Não;ANOTA;31/10/2024;19/12/2024;09/01/2025;;24;21;0
Loja - 249;Carnes;Não;ANOTA;31/10/2024;17/12/2024;19/12/2024;;1;0;0
Loja - 250;Desconhecido;Não;ANOTA;31/10/2024;17/12/2024;17/12/2024;;53;68;8
Loja - 251;Tradicional;Não;ANOTA;31/10/2024;16/12/2024;23/01/2025;;13;6;0
Loja - 252;Desconhecido;Não;VS;31/10/2024;15/12/2024;15/01/2025;;7;0;0
Loja - 253;Desconhecido;Não;ANOTA;31/10/2024;14/12/2024;23/12/2024;;9;10;2
Loja - 254;Hamburgueria / Hot Dog;Não;VS;31/10/2024;11/12/2024;16/01/2025;;115;56;0
Loja - 255;Pizzaria;Não;ANOTA;31/10/2024;11/12/2024;10/01/2025;;48;4;0
Loja - 256;Esfiha;Não;ANOTA;31/10/2024;10/12/2024;20/12/2024;;38;60;2
Loja - 257;Açaí;Sim;VS;31/10/2024;09/12/2024;14/01/2025;;27;7;0
Loja - 258;Pizzaria;Não;VS;31/10/2024;09/12/2024;18/12/2024;;1;5;0
Loja - 259;Pastel;Não;VS;31/10/2024;06/12/2024;11/12/2024;;196;600;57
Loja - 260;Açaí;Sim;VS;31/10/2024;05/12/2024;23/01/2025;;13;29;0
Loja - 261;Desconhecido;Não;ANOTA;31/10/2024;05/12/2024;07/01/2025;;1;0;0
Loja - 262;Pizzaria;Não;VS;31/10/2024;05/12/2024;10/12/2024;;2;6;0
Loja - 263;Hamburgueria / Hot Dog;Não;VS;31/10/2024;04/12/2024;05/12/2024;;72;99;11
Loja - 264;Hamburgueria / Hot Dog;Não;VS;31/10/2024;04/12/2024;03/01/2025;;6;12;0
Loja - 265;Desconhecido;Não;VS;31/10/2024;03/12/2024;16/01/2025;;13;3;0
Loja - 266;Pizzaria;Não;VS;31/10/2024;03/12/2024;23/01/2025;;15;1;0
Loja - 267;Pizzaria;Não;VS;31/10/2024;03/12/2024;13/12/2024;;3;6;0
Loja - 268;Tradicional;Sim;ANOTA;31/10/2024;03/12/2024;22/01/2025;;36;16;0
Loja - 269;Hamburgueria / Hot Dog;Não;VS;31/10/2024;02/12/2024;30/01/2025;;5;0;0
Loja - 270;Japonesa;Não;ANOTA;31/10/2024;02/12/2024;20/01/2025;;8;3;0
Loja - 271;Pastel;Não;ANOTA;31/10/2024;02/12/2024;18/01/2025;;299;52;0
Loja - 272;Massas;Sim;VS;31/10/2024;29/11/2024;28/01/2025;;6;0;0
Loja - 273;Desconhecido;Não;ANOTA;31/10/2024;29/11/2024;09/01/2025;;1;0;0
Loja - 274;Hamburgueria / Hot Dog;Não;ANOTA;31/10/2024;29/11/2024;29/11/2024;;9;125;114
Loja - 275;Hamburgueria / Hot Dog;Não;VS;31/10/2024;29/11/2024;15/01/2025;;6;1;0
Loja - 276;Desconhecido;Não;VS;31/10/2024;28/11/2024;26/12/2024;;1;0;0
Loja - 277;Japonesa;Não;ANOTA;31/10/2024;28/11/2024;21/01/2025;;11;0;0
Loja - 278;Café;Não;ANOTA;31/10/2024;27/11/2024;29/11/2024;;2;20;1
Loja - 279;Salgados;Não;VS;31/10/2024;27/11/2024;22/01/2025;;14;0;0
Loja - 280;Esfiha;Não;ANOTA;31/10/2024;26/11/2024;19/12/2024;;5;0;0
Loja - 281;Frango;Não;VS;31/10/2024;26/11/2024;20/12/2024;;1;7;0
Loja - 282;Massas;Não;VS;31/10/2024;25/11/2024;14/01/2025;;40;17;0
Loja - 283;Tradicional;Não;ANOTA;01/11/2024;16/12/2024;23/12/2024;;7;21;4
Loja - 284;Pizzaria;Não;ANOTA;01/11/2024;04/12/2024;06/12/2024;;4;0;0
Loja - 285;Hamburgueria / Hot Dog;Não;VS;04/11/2024;09/12/2024;17/01/2025;;36;79;0
Loja - 286;Doces;Não;ANOTA;04/11/2024;05/12/2024;04/01/2025;;11;2;0
Loja - 287;Hamburgueria / Hot Dog;Não;ANOTA;04/11/2024;28/11/2024;03/12/2024;;253;519;10
Loja - 288;Desconhecido;Não;ANOTA;04/11/2024;27/11/2024;03/12/2024;;84;48;4
Loja - 289;Pizzaria;Não;ANOTA;04/11/2024;27/11/2024;17/12/2024;;17;7;0
Loja - 290;Café;Não;ANOTA;04/11/2024;26/11/2024;03/12/2024;;4;1;0
Loja - 291;Lanches;Não;VS;05/11/2024;26/11/2024;31/01/2025;;6;0;0
Loja - 292;Esfiha;Não;ANOTA;05/11/2024;06/11/2024;05/12/2024;;804;557;58
Loja - 293;Parmeggiana;Não;ANOTA;06/11/2024;14/01/2025;18/01/2025;;9;6;0
Loja - 294;Açaí;Não;VS;06/11/2024;26/12/2024;18/01/2025;;12;0;0
Loja - 295;Massas;Não;ANOTA;06/11/2024;24/12/2024;22/01/2025;;187;124;0
Loja - 296;Açaí;Não;VS;06/11/2024;12/12/2024;13/12/2024;;3;8;0
Loja - 297;Japonesa;Não;VS;06/11/2024;12/12/2024;12/12/2024;;20;333;65
Loja - 298;Árabe;Não;VS;07/11/2024;13/01/2025;21/01/2025;;1;0;0
Loja - 299;Lanches;Não;ANOTA;07/11/2024;08/01/2025;17/01/2025;;29;14;0
Loja - 300;Hamburgueria / Hot Dog;Não;ANOTA;07/11/2024;03/01/2025;09/01/2025;;79;20;0
Loja - 301;Lanches;Não;ANOTA;07/11/2024;02/01/2025;07/01/2025;;88;5;0
Loja - 302;Pastel;Não;VS;07/11/2024;19/12/2024;23/12/2024;;17;70;3
Loja - 303;Desconhecido;Não;VS;07/11/2024;18/12/2024;09/01/2025;;12;0;0
Loja - 304;Desconhecido;Não;VS;07/11/2024;18/12/2024;08/01/2025;;10;0;0
Loja - 305;Desconhecido;Não;ANOTA;07/11/2024;16/12/2024;16/12/2024;;145;584;53
Loja - 306;Salgados;Não;ANOTA;08/11/2024;22/12/2024;22/12/2024;Data Entregue Inválida;13;14;4
Loja - 307;Esfiha;Não;ANOTA;08/11/2024;24/01/2025;24/01/2025;;1;0;0
Loja - 308;Hamburgueria / Hot Dog;Não;VS;08/11/2024;03/01/2025;07/01/2025;;41;22;0
Loja - 309;Pastel;Não;ANOTA;08/11/2024;03/01/2025;17/01/2025;;290;29;0
Loja - 310;Hamburgueria / Hot Dog;Sim;VS;08/11/2024;02/01/2025;08/01/2025;;1;0;0
Loja - 311;Hamburgueria / Hot Dog;Não;ANOTA;08/11/2024;02/01/2025;09/01/2025;;228;73;0
Loja - 312;Doces;Não;VS;08/11/2024;19/12/2024;23/12/2024;;2;12;1
Loja - 313;Hamburgueria / Hot Dog;Não;VS;08/11/2024;19/12/2024;27/01/2025;;8;2;0
Loja - 314;Padaria;Não;VS;08/11/2024;16/12/2024;15/01/2025;;8;0;0
Loja - 315;Japonesa;Não;VS;08/11/2024;29/11/2024;17/12/2024;;24;96;4
Loja - 316;Salgados;Não;VS;09/11/2024;18/12/2024;30/01/2025;;1;0;0
Loja - 317;Esfiha;Não;VS;09/11/2024;17/12/2024;02/01/2025;;7;0;0
Loja - 318;Desconhecido;Não;ANOTA;11/11/2024;08/01/2025;28/01/2025;;6;0;0
Loja - 319;Pizzaria;Não;ANOTA;11/11/2024;27/12/2024;14/01/2025;;23;20;0
Loja - 320;Pizzaria;Não;ANOTA;11/11/2024;18/12/2024;10/01/2025;;5;0;0
Loja - 321;Pizzaria;Não;ANOTA;11/11/2024;11/12/2024;24/01/2025;;6;0;0
Loja - 322;Pizzaria;Não;ANOTA;12/11/2024;08/01/2025;29/01/2025;;44;16;0
Loja - 323;Pizzaria;Não;ANOTA;12/11/2024;06/01/2025;24/01/2025;;5;0;0
Loja - 324;Açaí;Não;ANOTA;12/11/2024;31/12/2024;23/01/2025;;35;9;0
Loja - 325;Hamburgueria / Hot Dog;Não;VS;12/11/2024;26/12/2024;14/01/2025;;253;52;0
Loja - 326;Esfiha;Não;ANOTA;12/11/2024;23/12/2024;09/01/2025;;118;0;0
Loja - 327;Desconhecido;Não;ANOTA;13/11/2024;13/01/2025;22/01/2025;;254;89;0
Loja - 328;Japonesa;Não;ANOTA;13/11/2024;03/01/2025;04/01/2025;;15;1;0
Loja - 329;Desconhecido;Não;VS;13/11/2024;16/12/2024;22/01/2025;;6;2;0
Loja - 330;Pastel;Não;VS;14/11/2024;10/01/2025;16/01/2025;;5;0;0
Loja - 331;Desconhecido;Não;VS;14/11/2024;23/12/2024;16/01/2025;;6;0;0
Loja - 332;Hamburgueria / Hot Dog;Não;ANOTA;14/11/2024;20/12/2024;06/01/2025;;37;8;0
Loja - 333;Hamburgueria / Hot Dog;Não;VS;14/11/2024;18/12/2024;13/01/2025;;5;0;0
Loja - 334;Tradicional;Não;VS;14/11/2024;13/12/2024;17/12/2024;;2;30;0
Loja - 335;Hamburgueria / Hot Dog;Não;ANOTA;15/11/2024;30/12/2024;17/01/2025;;12;3;0
Loja - 336;Pizzaria;Não;VS;15/11/2024;26/12/2024;08/01/2025;;7;0;0
Loja - 337;Lanches;Não;VS;19/11/2024;17/01/2025;23/01/2025;;4;0;0
Loja - 338;Frango;Não;VS;19/11/2024;16/01/2025;21/01/2025;;5;0;0
Loja - 339;Burritos;Não;VS;19/11/2024;13/01/2025;15/01/2025;;47;173;0
Loja - 340;Hamburgueria / Hot Dog;Não;VS;19/11/2024;23/12/2024;14/01/2025;;6;0;0
Loja - 341;Lanches;Não;ANOTA;20/11/2024;09/01/2025;09/01/2025;;71;12;0
Loja - 342;Açaí;Não;VS;20/11/2024;17/12/2024;23/12/2024;;56;228;0
Loja - 343;Pizzaria;Não;VS;21/11/2024;14/01/2025;17/01/2025;;3;0;0
Loja - 344;Doces;Não;VS;21/11/2024;09/01/2025;16/01/2025;;1;0;0
Loja - 345;Café;Não;VS;21/11/2024;08/01/2025;10/01/2025;;73;6;0
Loja - 346;Pizzaria;Não;VS;21/11/2024;06/01/2025;14/01/2025;;3;0;0
Loja - 347;Doces;Não;VS;21/11/2024;03/01/2025;09/01/2025;;11;3;0
Loja - 348;Pizzaria;Não;ANOTA;21/11/2024;03/01/2025;06/01/2025;;7;0;0
Loja - 349;Lanches;Não;VS;21/11/2024;27/12/2024;30/01/2025;;5;0;0
Loja - 350;Frango;Não;VS;21/11/2024;26/12/2024;17/01/2025;;8;0;0
Loja - 351;Lanches;Não;VS;21/11/2024;26/12/2024;28/01/2025;;5;0;0
Loja - 352;Pizzaria;Não;VS;21/11/2024;26/12/2024;13/01/2025;;2;3;0
Loja - 353;Carnes;Não;ANOTA;21/11/2024;24/12/2024;09/01/2025;;199;16;0
Loja - 354;Desconhecido;Não;ANOTA;21/11/2024;23/12/2024;30/01/2025;;7;2;0
Loja - 355;Japonesa;Não;VS;21/11/2024;23/12/2024;04/01/2025;;12;0;0
Loja - 356;Pizzaria;Não;ANOTA;21/11/2024;20/12/2024;06/01/2025;;19;0;0
Loja - 357;Massas;Não;VS;21/11/2024;17/12/2024;15/01/2025;;9;12;0
Loja - 358;Desconhecido;Não;VS;21/11/2024;16/12/2024;23/01/2025;;5;0;0
Loja - 359;Pizzaria;Não;VS;22/11/2024;21/01/2025;23/01/2025;;2;0;0
Loja - 360;Pizzaria;Não;ANOTA;22/11/2024;20/01/2025;20/01/2025;;7;1;0
Loja - 361;Hamburgueria / Hot Dog;Não;VS;22/11/2024;03/01/2025;15/01/2025;;1;0;0
Loja - 362;Pizzaria;Não;ANOTA;22/11/2024;31/12/2024;10/01/2025;;14;2;0
Loja - 363;Desconhecido;Não;ANOTA;22/11/2024;30/12/2024;02/01/2025;;222;13;0
Loja - 364;Desconhecido;Não;ANOTA;22/11/2024;30/12/2024;03/01/2025;;12;0;0
Loja - 365;Hamburgueria / Hot Dog;Não;ANOTA;22/11/2024;27/12/2024;04/01/2025;;111;6;0
Loja - 366;Massas;Não;ANOTA;22/11/2024;26/12/2024;30/12/2024;;10;235;23
Loja - 367;Salgados;Não;ANOTA;22/11/2024;26/12/2024;13/01/2025;;6;0;0
Loja - 368;Lanches;Não;VS;22/11/2024;20/12/2024;20/12/2024;;7;82;7
Loja - 369;Hamburgueria / Hot Dog;Não;VS;22/11/2024;17/12/2024;03/01/2025;;67;3;0
Loja - 370;Lanches;Não;ANOTA;22/11/2024;13/12/2024;17/12/2024;;129;289;34
Loja - 371;Pizzaria;Não;ANOTA;23/11/2024;27/12/2024;02/01/2025;;15;0;0
Loja - 372;Desconhecido;Sim;VS;25/11/2024;22/01/2025;29/01/2025;;5;39;0
Loja - 373;Hamburgueria / Hot Dog;Não;ANOTA;25/11/2024;30/12/2024;23/01/2025;;41;5;0
Loja - 374;Padaria;Não;VS;25/11/2024;30/12/2024;15/01/2025;;2;0;0
Loja - 375;Hamburguer / Hot Dog;Sim;VS;25/11/2024;23/12/2024;22/01/2025;;6;16;0
Loja - 376;Doces;Não;VS;25/11/2024;10/12/2024;19/12/2024;;370;1214;94
Loja - 377;Doces;Não;VS;25/11/2024;10/12/2024;17/12/2024;;304;746;104
Loja - 378;Doces;Não;VS;25/11/2024;10/12/2024;19/12/2024;;93;223;20
Loja - 379;Açaí;Não;VS;26/11/2024;14/01/2025;14/01/2025;;176;16;0
Loja - 380;Carnes;Não;ANOTA;26/11/2024;14/01/2025;23/01/2025;;85;22;0
Loja - 381;Doces;Não;VS;26/11/2024;13/01/2025;13/01/2025;;2;1;0
Loja - 382;Tradicional;Não;ANOTA;26/11/2024;06/01/2025;30/01/2025;;1;0;0
Loja - 383;Doces;Não;ANOTA;26/11/2024;03/01/2025;30/01/2025;;10;10;0
Loja - 384;Hamburguer / Hot Dog;Não;ANOTA;26/11/2024;03/01/2025;08/01/2025;;136;8;0
Loja - 385;Hamburgueria / Hot Dog;Não;ANOTA;26/11/2024;23/12/2024;29/01/2025;;6;0;0
Loja - 386;Pizzaria;Sim;VS;26/11/2024;18/12/2024;02/01/2025;;49;19;0
Loja - 387;Lanches;Não;VS;26/11/2024;17/12/2024;03/01/2025;;37;0;0
Loja - 388;Tradicional;Não;VS;26/11/2024;16/12/2024;17/12/2024;;13;1;1
Loja - 389;Hamburgueria / Hot Dog;Não;VS;27/11/2024;21/01/2025;28/01/2025;;2;0;0
Loja - 390;Padaria;Não;VS;27/11/2024;20/01/2025;21/01/2025;;66;30;0
Loja - 391;Hamburgueria / Hot Dog;Sim;VS;27/11/2024;18/01/2025;23/01/2025;;4;16;0
Loja - 392;Pastel;Não;VS;27/11/2024;17/01/2025;30/01/2025;;6;0;0
Loja - 393;Feijoada;Não;VS;27/11/2024;14/01/2025;30/01/2025;;5;4;0
Loja - 394;Frango;Não;ANOTA;27/11/2024;14/01/2025;25/01/2025;;56;35;0
Loja - 395;Carnes;Não;VS;27/11/2024;09/01/2025;23/01/2025;;5;1;0
Loja - 396;Desconhecido;Não;ANOTA;27/11/2024;06/01/2025;17/01/2025;;19;2;0
Loja - 397;Pastel;Não;ANOTA;27/11/2024;06/01/2025;07/01/2025;;13;0;0
Loja - 398;Açaí;Não;VS;27/11/2024;02/01/2025;28/01/2025;;4;3;0
Loja - 399;Hamburgueria / Hot Dog;Não;ANOTA;27/11/2024;26/12/2024;07/01/2025;;22;1;0
Loja - 400;Massas;Não;VS;27/11/2024;26/12/2024;25/01/2025;;2;0;0
Loja - 401;Frango;Não;VS;27/11/2024;20/12/2024;08/01/2025;;7;0;0
Loja - 402;Hamburgueria / Hot Dog;Não;VS;28/11/2024;28/01/2025;29/01/2025;;72;101;0
Loja - 403;Desconhecido;Não;VS;28/11/2024;14/01/2025;20/01/2025;;17;3;0
Loja - 404;Hamburgueria / Hot Dog;Não;ANOTA;28/11/2024;14/01/2025;20/01/2025;;14;4;0
Loja - 405;Entrenenimento;Não;VS;28/11/2024;13/01/2025;21/01/2025;;66;41;0
Loja - 406;Frango;Não;VS;28/11/2024;13/01/2025;29/01/2025;;1;0;0
Loja - 407;Hamburgueria / Hot Dog;Não;ANOTA;28/11/2024;09/01/2025;13/01/2025;;48;6;0
Loja - 408;Desconhecido;Não;ANOTA;28/11/2024;06/01/2025;27/01/2025;;535;565;0
Loja - 409;Hamburgueria / Hot Dog;Não;ANOTA;28/11/2024;06/01/2025;14/01/2025;;136;12;0
Loja - 410;Hamburgueria / Hot Dog;Não;ANOTA;28/11/2024;06/01/2025;15/01/2025;;17;2;0
Loja - 411;Hamburgueria / Hot Dog;Não;VS;28/11/2024;05/01/2025;09/01/2025;;6;0;0
Loja - 412;Hamburgueria / Hot Dog;Não;ANOTA;28/11/2024;03/01/2025;16/01/2025;;200;13;0
Loja - 413;Pastel;Não;ANOTA;28/11/2024;02/01/2025;24/01/2025;;30;10;0
Loja - 414;Carnes;Não;ANOTA;28/11/2024;30/12/2024;08/01/2025;;7;0;0
Loja - 415;Desconhecido;Não;VS;28/11/2024;30/12/2024;16/01/2025;;7;0;0
Loja - 416;Pastel;Não;VS;28/11/2024;30/12/2024;09/01/2025;;1832;200;0
Loja - 417;Pastel;Não;ANOTA;28/11/2024;30/12/2024;24/01/2025;;34;23;0
Loja - 418;Doces;Não;ANOTA;28/11/2024;27/12/2024;30/01/2025;;25;20;0
Loja - 419;Desconhecido;Não;ANOTA;28/11/2024;26/12/2024;13/01/2025;;8;0;0
Loja - 420;Árabe;Não;ANOTA;28/11/2024;23/12/2024;28/12/2024;;77;561;58
Loja - 421;Árabe;Não;ANOTA;28/11/2024;23/12/2024;08/01/2025;;155;15;0
Loja - 422;Hamburgueria / Hot Dog;Não;ANOTA;28/11/2024;23/12/2024;30/12/2024;;5;0;0
Loja - 423;Hamburgueria / Hot Dog;Não;VS;28/11/2024;19/12/2024;10/01/2025;;6;2;0
Loja - 424;Hamburgueria / Hot Dog;Não;VS;29/11/2024;21/01/2025;01/02/2025;;2;0;0
Loja - 425;Esfiha;Não;VS;29/11/2024;17/01/2025;24/01/2025;;8;4;0
Loja - 426;Hamburgueria / Hot Dog;Não;VS;29/11/2024;16/01/2025;17/01/2025;;84;149;0
Loja - 427;Desconhecido;Não;ANOTA;29/11/2024;06/01/2025;18/01/2025;;240;8;0
Loja - 428;Desconhecido;Não;ANOTA;29/11/2024;03/01/2025;27/01/2025;;2;0;0
Loja - 429;Hamburgueria / Hot Dog;Não;ANOTA;29/11/2024;03/01/2025;27/01/2025;;9;0;0
Loja - 430;Açaí;Não;ANOTA;29/11/2024;30/12/2024;20/01/2025;;6;0;0
Loja - 431;Pastel;Não;ANOTA;29/11/2024;24/12/2024;15/01/2025;;61;4;0
Loja - 432;Hamburgueria / Hot Dog;Não;ANOTA;30/11/2024;26/12/2024;21/01/2025;;314;118;0
Loja - 433;Hamburgueria / Hot Dog;Não;ANOTA;30/11/2024;26/12/2024;20/01/2025;;119;16;0
Loja - 434;Hamburgueria / Hot Dog;Não;ANOTA;30/11/2024;26/12/2024;29/01/2025;;7;0;0
Loja - 435;Pastel;Não;ANOTA;30/11/2024;18/12/2024;27/12/2024;;12;53;12
Loja - 436;Desconhecido;Não;ANOTA;01/12/2024;03/01/2025;08/01/2025;;29;2;0
Loja - 437;Japonesa;Não;ANOTA;02/12/2024;02/12/2024;02/12/2024;Assinar Contrato;72;112;8
Loja - 438;Hamburguer;Não;ANOTA;02/12/2024;15/01/2025;22/01/2025;;161;56;0
Loja - 439;Hamburgueria / Hot Dog;Não;ANOTA;02/12/2024;15/01/2025;21/01/2025;;9;1;0
Loja - 440;Lanches;Não;ANOTA;02/12/2024;08/01/2025;14/01/2025;;51;23;0
Loja - 441;Pastel;Não;ANOTA;02/12/2024;08/01/2025;10/01/2025;;7;0;0
Loja - 442;Tradicional;Não;ANOTA;02/12/2024;08/01/2025;09/01/2025;;27;0;0
Loja - 443;Hamburgueria / Hot Dog;Não;ANOTA;02/12/2024;19/12/2024;26/12/2024;;8;8;1
Loja - 444;Lanches;Não;VS;03/12/2024;17/01/2025;17/01/2025;;2;0;0
Loja - 445;Massas;Não;VS;03/12/2024;17/01/2025;22/01/2025;;21;8;0
Loja - 446;Desconhecido;Não;ANOTA;03/12/2024;03/01/2025;15/01/2025;;32;77;0
Loja - 447;Hamburgueria / Hot Dog;Não;ANOTA;04/12/2024;07/01/2025;28/01/2025;;8;0;0
Loja - 448;Lanches;Não;ANOTA;04/12/2024;30/12/2024;11/01/2025;;80;0;0
Loja - 449;Açaí;Não;ANOTA;05/12/2024;07/01/2025;09/01/2025;;192;36;0
Loja - 450;Carnes;Não;ANOTA;05/12/2024;07/01/2025;30/01/2025;;9;9;0
Loja - 451;Açaí;Não;ANOTA;05/12/2024;03/01/2025;24/01/2025;;3;41;0
Loja - 452;Desconhecido;Não;ANOTA;05/12/2024;03/01/2025;23/01/2025;;6;0;0
Loja - 453;Lanches;Não;ANOTA;06/12/2024;29/01/2025;30/01/2025;;6;0;0
Loja - 454;Pizzaria;Não;ANOTA;06/12/2024;13/01/2025;29/01/2025;;8;2;0
Loja - 455;Tradicional;Não;ANOTA;06/12/2024;10/01/2025;11/01/2025;;11;0;0
Loja - 456;Hamburgueria / Hot Dog;Não;ANOTA;06/12/2024;09/01/2025;16/01/2025;;5;0;0
Loja - 457;Japonesa;Não;ANOTA;06/12/2024;06/01/2025;16/01/2025;;37;7;0
Loja - 458;Sushi;Não;VS;06/12/2024;06/01/2025;14/01/2025;;39;18;0
Loja - 459;Frango;Não;VS;07/12/2024;26/12/2024;07/01/2025;;2;0;0
Loja - 460;Pastel;Não;ANOTA;08/12/2024;09/01/2025;14/01/2025;;52;4;0
Loja - 461;Pizzaria;Não;ANOTA;09/12/2024;07/01/2025;16/01/2025;;15;1;0
Loja - 462;Hamburgueria / Hot Dog;Não;ANOTA;11/12/2024;23/01/2025;23/01/2025;Data Entregue Inválida;50;0;0
Loja - 463;Hamburgueria / Hot Dog;Não;ANOTA;11/12/2024;24/01/2025;29/01/2025;;2;0;0
Loja - 464;Asiática / Japonesa;Sim;ANOTA;11/12/2024;16/01/2025;31/01/2025;;25;74;0
Loja - 465;Asiática / Japonesa;Não;ANOTA;11/12/2024;09/01/2025;30/01/2025;;48;119;0
Loja - 466;Pizzaria;Não;VS;12/12/2024;21/01/2025;31/01/2025;;7;0;0
Loja - 467;Árabe;Não;VS;12/12/2024;17/01/2025;21/01/2025;;66;4;0
Loja - 468;Açaí;Não;ANOTA;12/12/2024;10/01/2025;29/01/2025;;35;37;0
Loja - 469;Pizzaria;Não;ANOTA;13/12/2024;27/01/2025;30/01/2025;;1;0;0
Loja - 470;Carnes;Não;ANOTA;13/12/2024;17/01/2025;21/01/2025;;15;1;0
Loja - 471;Esfiha;Não;VS;13/12/2024;17/01/2025;30/01/2025;;4;2;0
Loja - 472;Desconhecido;Não;ANOTA;13/12/2024;13/01/2025;29/01/2025;;18;15;0
Loja - 473;Japonesa;Não;ANOTA;17/12/2024;09/01/2025;17/01/2025;;20;0;0
Loja - 474;Hamburgueria / Hot Dog;Não;ANOTA;19/12/2024;24/01/2025;29/01/2025;;89;76;0
Loja - 475;Hamburgueria / Hot Dog;Não;ANOTA;19/12/2024;27/12/2024;02/01/2025;;31;4;0
Loja - 476;Hamburgueria / Hot Dog;Não;ANOTA;27/12/2024;02/01/2025;24/01/2025;;16;14;0
Loja - 477;Açaí;Não;ANOTA;03/01/2025;17/01/2025;30/01/2025;;7;4;0
Loja - 478;Carnes;Sim;VS;10/01/2025;11/09/2024;18/10/2024;;47;84;90
Loja - 479;Carnes;Não;VS;10/01/2025;11/09/2024;18/10/2024;;47;84;90
Loja - 480;Pastel;Não;ANOTA;25/01/2025;25/01/2025;25/01/2025;Assinar Contrato;271;69;0
Loja - 481;Frango;Não;VS;25/01/2025;14/01/2025;25/01/2025;Assinar Contrato;56;35;0
